date,total_cases_poland,total_cases_ukraine,new_cases_poland,new_cases_ukraine
2020-03-03,0.0,1.0,0.0,1.0
2020-03-04,1.0,1.0,1.0,0.0
2020-03-05,1.0,1.0,0.0,0.0
2020-03-06,5.0,1.0,4.0,0.0
2020-03-07,5.0,1.0,0.0,0.0
2020-03-08,11.0,1.0,6.0,0.0
2020-03-09,16.0,1.0,5.0,0.0
2020-03-10,22.0,1.0,6.0,0.0
2020-03-11,31.0,1.0,9.0,0.0
2020-03-12,49.0,1.0,18.0,0.0
2020-03-13,68.0,3.0,19.0,2.0
2020-03-14,103.0,3.0,35.0,0.0
2020-03-15,119.0,3.0,16.0,0.0
2020-03-16,177.0,7.0,58.0,4.0
2020-03-17,238.0,14.0,61.0,7.0
2020-03-18,251.0,14.0,13.0,0.0
2020-03-19,355.0,16.0,104.0,2.0
2020-03-20,425.0,29.0,70.0,13.0
2020-03-21,536.0,47.0,111.0,18.0
2020-03-22,634.0,73.0,98.0,26.0
2020-03-23,749.0,73.0,115.0,0.0
2020-03-24,901.0,97.0,152.0,24.0
2020-03-25,1051.0,145.0,150.0,48.0
2020-03-26,1221.0,196.0,170.0,51.0
2020-03-27,1389.0,310.0,168.0,114.0
2020-03-28,1638.0,356.0,249.0,46.0
2020-03-29,1862.0,475.0,224.0,119.0
2020-03-30,2055.0,548.0,193.0,73.0
2020-03-31,2311.0,645.0,256.0,97.0
2020-04-01,2554.0,794.0,243.0,149.0
2020-04-02,2946.0,897.0,392.0,103.0
2020-04-03,3383.0,1072.0,437.0,175.0
2020-04-04,3627.0,1225.0,244.0,153.0
2020-04-05,4102.0,1308.0,475.0,83.0
2020-04-06,4413.0,1319.0,311.0,11.0
2020-04-07,4848.0,1462.0,435.0,143.0
2020-04-08,5205.0,1668.0,357.0,206.0
2020-04-09,5575.0,1892.0,370.0,224.0
2020-04-10,5955.0,2203.0,380.0,311.0
2020-04-11,6356.0,2511.0,401.0,308.0
2020-04-12,6674.0,2777.0,318.0,266.0
2020-04-13,6934.0,3102.0,260.0,325.0
2020-04-14,7202.0,3372.0,268.0,270.0
2020-04-15,7582.0,3764.0,380.0,392.0
2020-04-16,7918.0,4161.0,336.0,397.0
2020-04-17,8379.0,4662.0,461.0,501.0
2020-04-18,8742.0,5106.0,363.0,444.0
2020-04-19,9287.0,5449.0,545.0,343.0
2020-04-20,9593.0,5710.0,306.0,261.0
2020-04-21,9856.0,6125.0,263.0,415.0
2020-04-22,10169.0,6592.0,313.0,467.0
2020-04-23,10511.0,7170.0,342.0,578.0
2020-04-24,10892.0,7647.0,381.0,477.0
2020-04-25,11273.0,8125.0,381.0,478.0
2020-04-26,11617.0,8617.0,344.0,492.0
2020-04-27,11902.0,9009.0,285.0,392.0
2020-04-28,12218.0,9410.0,316.0,401.0
2020-04-29,12640.0,9866.0,422.0,456.0
2020-04-30,12877.0,10406.0,237.0,540.0
2020-05-01,13105.0,10861.0,228.0,455.0
2020-05-02,13375.0,11411.0,270.0,550.0
2020-05-03,13693.0,11913.0,318.0,502.0
2020-05-04,14006.0,12331.0,313.0,418.0
2020-05-05,14431.0,12697.0,425.0,366.0
2020-05-06,14740.0,13184.0,309.0,487.0
2020-05-07,15047.0,13691.0,307.0,507.0
2020-05-08,15366.0,14195.0,319.0,504.0
2020-05-09,15651.0,14710.0,285.0,515.0
2020-05-10,15996.0,15232.0,345.0,522.0
2020-05-11,16326.0,15648.0,330.0,416.0
2020-05-12,16921.0,16023.0,595.0,375.0
2020-05-13,17204.0,16425.0,283.0,402.0
2020-05-14,17615.0,16847.0,411.0,422.0
2020-05-15,18016.0,17330.0,401.0,483.0
2020-05-16,18257.0,17858.0,241.0,528.0
2020-05-17,18529.0,18291.0,272.0,433.0
2020-05-18,18885.0,18616.0,356.0,325.0
2020-05-19,19268.0,18876.0,383.0,260.0
2020-05-20,19739.0,19230.0,471.0,354.0
2020-05-21,20143.0,19706.0,404.0,476.0
2020-05-22,20619.0,20148.0,476.0,442.0
2020-05-23,20931.0,20580.0,312.0,432.0
2020-05-24,21326.0,20986.0,395.0,406.0
2020-05-25,21631.0,21245.0,305.0,259.0
2020-05-26,22074.0,21584.0,443.0,339.0
2020-05-27,22473.0,21905.0,399.0,321.0
2020-05-28,22825.0,22382.0,352.0,477.0
2020-05-29,23155.0,22811.0,330.0,429.0
2020-05-30,23571.0,23204.0,416.0,393.0
2020-05-31,23786.0,23672.0,215.0,468.0
2020-06-01,24165.0,24562.0,379.0,890.0
2020-06-02,24395.0,24895.0,230.0,333.0
2020-06-03,24687.0,25385.0,292.0,490.0
2020-06-04,25048.0,25981.0,361.0,596.0
2020-06-05,25410.0,26542.0,362.0,561.0
2020-06-06,25986.0,27101.0,576.0,559.0
2020-06-07,26561.0,27599.0,575.0,498.0
2020-06-08,27160.0,28077.0,599.0,478.0
2020-06-09,27560.0,28479.0,400.0,402.0
2020-06-10,27842.0,29015.0,282.0,536.0
2020-06-11,28201.0,29706.0,359.0,691.0
2020-06-12,28577.0,30415.0,376.0,709.0
2020-06-13,29017.0,31177.0,440.0,762.0
2020-06-14,29392.0,31851.0,375.0,674.0
2020-06-15,29788.0,32536.0,396.0,685.0
2020-06-16,30195.0,33209.0,407.0,673.0
2020-06-17,30701.0,33986.0,506.0,777.0
2020-06-18,31015.0,34833.0,314.0,847.0
2020-06-19,31316.0,35755.0,301.0,922.0
2020-06-20,31620.0,36615.0,304.0,860.0
2020-06-21,31931.0,37361.0,311.0,746.0
2020-06-22,32227.0,38056.0,296.0,695.0
2020-06-23,32527.0,38901.0,300.0,845.0
2020-06-24,32821.0,39852.0,294.0,951.0
2020-06-25,33119.0,40854.0,298.0,1002.0
2020-06-26,33395.0,41975.0,276.0,1121.0
2020-06-27,33714.0,42932.0,319.0,957.0
2020-06-28,33907.0,43856.0,193.0,924.0
2020-06-29,34154.0,44538.0,247.0,682.0
2020-06-30,34393.0,45254.0,239.0,716.0
2020-07-01,34775.0,45924.0,382.0,670.0
2020-07-02,35146.0,46821.0,371.0,897.0
2020-07-03,35405.0,47705.0,259.0,884.0
2020-07-04,35719.0,48628.0,314.0,923.0
2020-07-05,35950.0,49468.0,231.0,840.0
2020-07-06,36155.0,50053.0,205.0,585.0
2020-07-07,36412.0,50622.0,257.0,569.0
2020-07-08,36689.0,51457.0,277.0,835.0
2020-07-09,36951.0,52285.0,262.0,828.0
2020-07-10,37216.0,53116.0,265.0,831.0
2020-07-11,37521.0,53941.0,305.0,825.0
2020-07-12,37891.0,54647.0,370.0,706.0
2020-07-13,38190.0,55285.0,299.0,638.0
2020-07-14,38457.0,55931.0,267.0,646.0
2020-07-15,38721.0,56779.0,264.0,848.0
2020-07-16,39054.0,57640.0,333.0,861.0
2020-07-17,39407.0,58466.0,353.0,826.0
2020-07-18,39746.0,59333.0,339.0,867.0
2020-07-19,40104.0,60077.0,358.0,744.0
2020-07-20,40383.0,60767.0,279.0,690.0
2020-07-21,40782.0,61454.0,399.0,687.0
2020-07-22,41162.0,62295.0,380.0,841.0
2020-07-23,41580.0,63169.0,418.0,874.0
2020-07-24,42038.0,64173.0,458.0,1004.0
2020-07-25,42622.0,65317.0,584.0,1144.0
2020-07-26,43065.0,66261.0,443.0,944.0
2020-07-27,43402.0,67096.0,337.0,835.0
2020-07-28,43904.0,68030.0,502.0,934.0
2020-07-29,44416.0,69078.0,512.0,1048.0
2020-07-30,45031.0,70300.0,615.0,1222.0
2020-07-31,45688.0,71404.0,657.0,1104.0
2020-08-01,46346.0,72609.0,658.0,1205.0
2020-08-02,46894.0,73761.0,548.0,1152.0
2020-08-03,47469.0,74781.0,575.0,1020.0
2020-08-04,48149.0,75880.0,680.0,1099.0
2020-08-05,48789.0,77169.0,640.0,1289.0
2020-08-06,49515.0,78515.0,726.0,1346.0
2020-08-07,50324.0,80018.0,809.0,1503.0
2020-08-08,51167.0,81534.0,843.0,1516.0
2020-08-09,51791.0,82767.0,624.0,1233.0
2020-08-10,52410.0,83812.0,619.0,1045.0
2020-08-11,52961.0,85023.0,551.0,1211.0
2020-08-12,53676.0,86504.0,715.0,1481.0
2020-08-13,54487.0,88136.0,811.0,1632.0
2020-08-14,55319.0,89917.0,832.0,1781.0
2020-08-15,56090.0,91795.0,771.0,1878.0
2020-08-16,56684.0,93490.0,594.0,1695.0
2020-08-17,57279.0,95007.0,595.0,1517.0
2020-08-18,57876.0,96653.0,597.0,1646.0
2020-08-19,58611.0,98658.0,735.0,2005.0
2020-08-20,59378.0,100810.0,767.0,2152.0
2020-08-21,60281.0,102948.0,903.0,2138.0
2020-08-22,61181.0,105337.0,900.0,2389.0
2020-08-23,61762.0,107379.0,581.0,2042.0
2020-08-24,62310.0,109234.0,548.0,1855.0
2020-08-25,63073.0,110949.0,763.0,1715.0
2020-08-26,63802.0,112653.0,729.0,1704.0
2020-08-27,64689.0,114663.0,887.0,2010.0
2020-08-28,65480.0,117172.0,791.0,2509.0
2020-08-29,66239.0,119751.0,759.0,2579.0
2020-08-30,66870.0,121930.0,631.0,2179.0
2020-08-31,67372.0,124132.0,502.0,2202.0
2020-09-01,67922.0,126279.0,550.0,2147.0
2020-09-02,68517.0,128833.0,595.0,2554.0
2020-09-03,69129.0,131300.0,612.0,2467.0
2020-09-04,69820.0,134069.0,691.0,2769.0
2020-09-05,70387.0,136966.0,567.0,2897.0
2020-09-06,70824.0,139171.0,437.0,2205.0
2020-09-07,71126.0,141424.0,302.0,2253.0
2020-09-08,71526.0,143914.0,400.0,2490.0
2020-09-09,71947.0,146511.0,421.0,2597.0
2020-09-10,72453.0,149146.0,506.0,2635.0
2020-09-11,73047.0,152373.0,594.0,3227.0
2020-09-12,73650.0,155558.0,603.0,3185.0
2020-09-13,74152.0,158122.0,502.0,2564.0
2020-09-14,74529.0,160679.0,377.0,2557.0
2020-09-15,75134.0,163678.0,605.0,2999.0
2020-09-16,75734.0,166694.0,600.0,3016.0
2020-09-17,76571.0,170373.0,837.0,3679.0
2020-09-18,77328.0,173703.0,757.0,3330.0
2020-09-19,78330.0,177048.0,1002.0,3345.0
2020-09-20,79240.0,180119.0,910.0,3071.0
2020-09-21,79988.0,182900.0,748.0,2781.0
2020-09-22,80699.0,185890.0,711.0,2990.0
2020-09-23,81673.0,189488.0,974.0,3598.0
2020-09-24,82809.0,192966.0,1136.0,3478.0
2020-09-25,84396.0,196631.0,1587.0,3665.0
2020-09-26,85980.0,200566.0,1584.0,3935.0
2020-09-27,87330.0,203799.0,1350.0,3233.0
2020-09-28,88636.0,206579.0,1306.0,2780.0
2020-09-29,89962.0,210309.0,1326.0,3730.0
2020-09-30,91514.0,214446.0,1552.0,4137.0
2020-10-01,93481.0,218625.0,1967.0,4179.0
2020-10-02,95773.0,223376.0,2292.0,4751.0
2020-10-03,98140.0,228161.0,2367.0,4785.0
2020-10-04,100074.0,232424.0,1934.0,4263.0
2020-10-05,102080.0,236329.0,2006.0,3905.0
2020-10-06,104316.0,240811.0,2236.0,4482.0
2020-10-07,107319.0,245698.0,3003.0,4887.0
2020-10-08,111599.0,251243.0,4280.0,5545.0
2020-10-09,116338.0,257204.0,4739.0,5961.0
2020-10-10,121638.0,263105.0,5300.0,5901.0
2020-10-11,125816.0,268065.0,4178.0,4960.0
2020-10-12,130210.0,272671.0,4394.0,4606.0
2020-10-13,135278.0,277982.0,5068.0,5311.0
2020-10-14,141804.0,283762.0,6526.0,5780.0
2020-10-15,149903.0,289022.0,8099.0,5260.0
2020-10-16,157608.0,295227.0,7705.0,6205.0
2020-10-17,167230.0,301856.0,9622.0,6629.0
2020-10-18,175766.0,307301.0,8536.0,5445.0
2020-10-19,183248.0,312287.0,7482.0,4986.0
2020-10-20,192539.0,317967.0,9291.0,5680.0
2020-10-21,202579.0,324942.0,10040.0,6975.0
2020-10-22,214686.0,332262.0,12107.0,7320.0
2020-10-23,228318.0,340042.0,13632.0,7780.0
2020-10-24,241946.0,347317.0,13628.0,7275.0
2020-10-25,253688.0,353723.0,11742.0,6406.0
2020-10-26,263929.0,359348.0,10241.0,5625.0
2020-10-27,280229.0,366233.0,16300.0,6885.0
2020-10-28,299049.0,374023.0,18820.0,7790.0
2020-10-29,319205.0,381664.0,20156.0,7641.0
2020-10-30,340834.0,390272.0,21629.0,8608.0
2020-10-31,362731.0,399330.0,21897.0,9058.0
2020-11-01,379902.0,407573.0,17171.0,8243.0
2020-11-02,395480.0,414567.0,15578.0,6994.0
2020-11-03,414844.0,423683.0,19364.0,9116.0
2020-11-04,439536.0,433492.0,24692.0,9809.0
2020-11-05,466679.0,443630.0,27143.0,10138.0
2020-11-06,493765.0,453565.0,27086.0,9935.0
2020-11-07,521640.0,464598.0,27875.0,11033.0
2020-11-08,546425.0,474245.0,24785.0,9647.0
2020-11-09,568138.0,483153.0,21713.0,8908.0
2020-11-10,593592.0,493544.0,25454.0,10391.0
2020-11-11,618813.0,504423.0,25221.0,10879.0
2020-11-12,641496.0,515755.0,22683.0,11332.0
2020-11-13,665547.0,527808.0,24051.0,12053.0
2020-11-14,691118.0,540593.0,25571.0,12785.0
2020-11-15,712972.0,551533.0,21854.0,10940.0
2020-11-16,733788.0,561581.0,20816.0,10048.0
2020-11-17,752940.0,573758.0,19152.0,12177.0
2020-11-18,772823.0,586522.0,19883.0,12764.0
2020-11-19,796798.0,600152.0,23975.0,13630.0
2020-11-20,819262.0,614986.0,22464.0,14834.0
2020-11-21,843475.0,629850.0,24213.0,14864.0
2020-11-22,861331.0,642215.0,17856.0,12365.0
2020-11-23,876333.0,653442.0,15002.0,11227.0
2020-11-24,909066.0,665968.0,32733.0,12526.0
2020-11-25,924422.0,680132.0,15356.0,14164.0
2020-11-26,941112.0,695755.0,16690.0,15623.0
2020-11-27,958416.0,712249.0,17304.0,16494.0
2020-11-28,973593.0,728834.0,15177.0,16585.0
2020-11-29,985075.0,742105.0,11482.0,13271.0
2020-11-30,990811.0,752343.0,5736.0,10238.0
2020-12-01,999924.0,765117.0,9113.0,12774.0
2020-12-02,1013747.0,778560.0,13823.0,13443.0
2020-12-03,1028610.0,793372.0,14863.0,14812.0
2020-12-04,1041846.0,808828.0,13236.0,15456.0
2020-12-05,1054273.0,822985.0,12427.0,14157.0
2020-12-06,1063449.0,834913.0,9176.0,11928.0
2020-12-07,1067870.0,843898.0,4421.0,8985.0
2020-12-08,1076180.0,855054.0,8310.0,11156.0
2020-12-09,1088346.0,867991.0,12166.0,12937.0
2020-12-10,1102096.0,881727.0,13750.0,13736.0
2020-12-11,1115201.0,895620.0,13105.0,13893.0
2020-12-12,1126700.0,908839.0,11499.0,13219.0
2020-12-13,1135676.0,918444.0,8976.0,9605.0
2020-12-14,1140572.0,925321.0,4896.0,6877.0
2020-12-15,1147446.0,934161.0,6874.0,8840.0
2020-12-16,1159901.0,945218.0,12455.0,11057.0
2020-12-17,1171854.0,957692.0,11953.0,12474.0
2020-12-18,1182864.0,970758.0,11010.0,13066.0
2020-12-19,1194110.0,982937.0,11246.0,12179.0
2020-12-20,1202700.0,991700.0,8590.0,8763.0
2020-12-21,1207333.0,998678.0,4633.0,6978.0
2020-12-22,1214525.0,1007627.0,7192.0,8949.0
2020-12-23,1226883.0,1018199.0,12358.0,10572.0
2020-12-24,1239998.0,1030125.0,13115.0,11926.0
2020-12-25,1249079.0,1041583.0,9081.0,11458.0
2020-12-26,1253957.0,1049717.0,4878.0,8134.0
2020-12-27,1257799.0,1056265.0,3842.0,6548.0
2020-12-28,1261010.0,1061074.0,3211.0,4809.0
2020-12-29,1268634.0,1068476.0,7624.0,7402.0
2020-12-30,1281414.0,1076880.0,12780.0,8404.0
2020-12-31,1294878.0,1086997.0,13464.0,10117.0
2021-01-01,1305774.0,1096855.0,10896.0,9858.0
2021-01-02,1312780.0,1102256.0,7006.0,5401.0
2021-01-03,1318562.0,1107137.0,5782.0,4881.0
2021-01-04,1322947.0,1111631.0,4385.0,4494.0
2021-01-05,1330543.0,1117256.0,7596.0,5625.0
2021-01-06,1344763.0,1124482.0,14220.0,7226.0
2021-01-07,1356882.0,1133802.0,12119.0,9320.0
2021-01-08,1365645.0,1139800.0,8763.0,5998.0
2021-01-09,1376389.0,1144943.0,10744.0,5143.0
2021-01-10,1385522.0,1150265.0,9133.0,5322.0
2021-01-11,1390385.0,1154850.0,4863.0,4585.0
2021-01-12,1395779.0,1160243.0,5394.0,5393.0
2021-01-13,1404905.0,1166958.0,9126.0,6715.0
2021-01-14,1414362.0,1175343.0,9457.0,8385.0
2021-01-15,1422320.0,1183963.0,7958.0,8620.0
2021-01-16,1429612.0,1192114.0,7292.0,8151.0
2021-01-17,1435582.0,1198512.0,5970.0,6398.0
2021-01-18,1438914.0,1201894.0,3332.0,3382.0
2021-01-19,1443804.0,1206125.0,4890.0,4231.0
2021-01-20,1450747.0,1210854.0,6943.0,4729.0
2021-01-21,1457755.0,1216780.0,7008.0,5926.0
2021-01-22,1464448.0,1222459.0,6693.0,5679.0
2021-01-23,1470879.0,1227723.0,6431.0,5264.0
2021-01-24,1475445.0,1231965.0,4566.0,4242.0
2021-01-25,1478119.0,1234772.0,2674.0,2807.0
2021-01-26,1482722.0,1237810.0,4603.0,3038.0
2021-01-27,1489512.0,1241863.0,6790.0,4053.0
2021-01-28,1496665.0,1247674.0,7153.0,5811.0
2021-01-29,1502810.0,1253127.0,6145.0,5453.0
2021-01-30,1508674.0,1258093.0,5864.0,4966.0
2021-01-31,1513385.0,1261546.0,4711.0,3453.0
2021-02-01,1515889.0,1263833.0,2504.0,2287.0
2021-02-02,1520215.0,1266464.0,4326.0,2631.0
2021-02-03,1527016.0,1270001.0,6801.0,3537.0
2021-02-04,1533511.0,1275334.0,6495.0,5333.0
2021-02-05,1539564.0,1280501.0,6053.0,5167.0
2021-02-06,1545530.0,1285059.0,5966.0,4558.0
2021-02-07,1550255.0,1288669.0,4725.0,3610.0
2021-02-08,1552686.0,1291025.0,2431.0,2356.0
2021-02-09,1556685.0,1293892.0,3999.0,2867.0
2021-02-10,1563645.0,1297537.0,6960.0,3645.0
2021-02-11,1570658.0,1302811.0,7013.0,5274.0
2021-02-12,1577036.0,1307806.0,6378.0,4995.0
2021-02-13,1583621.0,1313209.0,6585.0,5403.0
2021-02-14,1588955.0,1316520.0,5334.0,3311.0
2021-02-15,1591497.0,1319060.0,2542.0,2540.0
2021-02-16,1596673.0,1322406.0,5176.0,3346.0
2021-02-17,1605372.0,1326891.0,8699.0,4485.0
2021-02-18,1614446.0,1333332.0,9074.0,6441.0
2021-02-19,1623218.0,1340054.0,8772.0,6722.0
2021-02-20,1631727.0,1346527.0,8509.0,6473.0
2021-02-21,1638767.0,1351190.0,7040.0,4663.0
2021-02-22,1642658.0,1354545.0,3891.0,3355.0
2021-02-23,1648962.0,1358871.0,6304.0,4326.0
2021-02-24,1661109.0,1364861.0,12147.0,5990.0
2021-02-25,1673252.0,1373139.0,12143.0,8278.0
2021-02-26,1684788.0,1381273.0,11536.0,8134.0
2021-02-27,1696885.0,1389570.0,12097.0,8297.0
2021-02-28,1706986.0,1395528.0,10101.0,5958.0
2021-03-01,1711772.0,1399934.0,4786.0,4406.0
2021-03-02,1719708.0,1405394.0,7936.0,5460.0
2021-03-03,1735406.0,1412748.0,15698.0,7354.0
2021-03-04,1750659.0,1422927.0,15253.0,10179.0
2021-03-05,1766490.0,1433200.0,15831.0,10273.0
2021-03-06,1781345.0,1442457.0,14855.0,9257.0
2021-03-07,1794914.0,1449741.0,13569.0,7284.0
2021-03-08,1801083.0,1455421.0,6169.0,5680.0
2021-03-09,1811036.0,1458785.0,9953.0,3364.0
2021-03-10,1828313.0,1465265.0,17277.0,6480.0
2021-03-11,1849424.0,1474452.0,21111.0,9187.0
2021-03-12,1868297.0,1487497.0,18873.0,13045.0
2021-03-13,1889360.0,1500873.0,21063.0,13376.0
2021-03-14,1906632.0,1509983.0,17272.0,9110.0
2021-03-15,1917527.0,1516865.0,10895.0,6882.0
2021-03-16,1931921.0,1526595.0,14394.0,9730.0
2021-03-17,1956974.0,1538516.0,25053.0,11921.0
2021-03-18,1984248.0,1553659.0,27274.0,15143.0
2021-03-19,2010244.0,1569596.0,25996.0,15937.0
2021-03-20,2036700.0,1584972.0,26456.0,15376.0
2021-03-21,2058550.0,1596201.0,21850.0,11229.0
2021-03-22,2073129.0,1604183.0,14579.0,7982.0
2021-03-23,2089869.0,1615747.0,16740.0,11564.0
2021-03-24,2120671.0,1630013.0,30802.0,14266.0
2021-03-25,2154821.0,1646775.0,34150.0,16762.0
2021-03-26,2189966.0,1665001.0,35145.0,18226.0
2021-03-27,2221725.0,1682527.0,31759.0,17526.0
2021-03-28,2250991.0,1694568.0,29266.0,12041.0
2021-03-29,2267964.0,1703036.0,16973.0,8468.0
2021-03-30,2288826.0,1713684.0,20862.0,10648.0
2021-03-31,2321717.0,1725029.0,32891.0,11345.0
2021-04-01,2356970.0,1742710.0,35253.0,17681.0
2021-04-02,2387511.0,1762713.0,30541.0,20003.0
2021-04-03,2415584.0,1783169.0,28073.0,20456.0
2021-04-04,2438542.0,1797027.0,22958.0,13858.0
2021-04-05,2448463.0,1807327.0,9921.0,10300.0
2021-04-06,2456709.0,1820725.0,8246.0,13398.0
2021-04-07,2471617.0,1836260.0,14908.0,15535.0
2021-04-08,2499507.0,1855806.0,27890.0,19546.0
2021-04-09,2528006.0,1875605.0,28499.0,19799.0
2021-04-10,2552898.0,1893192.0,24892.0,17587.0
2021-04-11,2574631.0,1905430.0,21733.0,12238.0
2021-04-12,2586647.0,1913415.0,12016.0,7985.0
2021-04-13,2599850.0,1925224.0,13203.0,11809.0
2021-04-14,2621116.0,1939901.0,21266.0,14677.0
2021-04-15,2642242.0,1956454.0,21126.0,16553.0
2021-04-16,2660088.0,1974056.0,17846.0,17602.0
2021-04-17,2675874.0,1989160.0,15786.0,15104.0
2021-04-18,2688025.0,1999567.0,12151.0,10407.0
2021-04-19,2695327.0,2006197.0,7302.0,6630.0
2021-04-20,2704571.0,2015257.0,9244.0,9060.0
2021-04-21,2718493.0,2027544.0,13922.0,12287.0
2021-04-22,2731256.0,2043901.0,12763.0,16357.0
2021-04-23,2742122.0,2058301.0,10866.0,14400.0
2021-04-24,2751632.0,2071142.0,9510.0,12841.0
2021-04-25,2758856.0,2079200.0,7224.0,8058.0
2021-04-26,2762323.0,2084384.0,3467.0,5184.0
2021-04-27,2768034.0,2092421.0,5711.0,8037.0
2021-04-28,2776927.0,2102130.0,8893.0,9709.0
2021-04-29,2785353.0,2113880.0,8426.0,11750.0
2021-04-30,2792142.0,2124070.0,6789.0,10190.0
2021-05-01,2798617.0,2132742.0,6475.0,8672.0
2021-05-02,2803233.0,2137959.0,4616.0,5217.0
2021-05-03,2805756.0,2140838.0,2523.0,2879.0
2021-05-04,2808052.0,2143427.0,2296.0,2589.0
2021-05-05,2811951.0,2146121.0,3899.0,2694.0
2021-05-06,2818378.0,2152280.0,6427.0,6159.0
2021-05-07,2824425.0,2160809.0,6047.0,8529.0
2021-05-08,2829196.0,2169650.0,4771.0,8841.0
2021-05-09,2833052.0,2175151.0,3856.0,5501.0
2021-05-10,2835083.0,2178095.0,2031.0,2944.0
2021-05-11,2838180.0,2180429.0,3097.0,2334.0
2021-05-12,2842339.0,2185088.0,4159.0,4659.0
2021-05-13,2845762.0,2192022.0,3423.0,6934.0
2021-05-14,2849014.0,2199708.0,3252.0,7686.0
2021-05-15,2851911.0,2206627.0,2897.0,6919.0
2021-05-16,2854079.0,2210375.0,2168.0,3748.0
2021-05-17,2855190.0,2212635.0,1111.0,2260.0
2021-05-18,2856924.0,2216856.0,1734.0,4221.0
2021-05-19,2859261.0,2222115.0,2337.0,5259.0
2021-05-20,2861351.0,2227400.0,2090.0,5285.0
2021-05-21,2863031.0,2232510.0,1680.0,5110.0
2021-05-22,2864546.0,2237240.0,1515.0,4730.0
2021-05-23,2865622.0,2239897.0,1076.0,2657.0
2021-05-24,2866181.0,2241354.0,559.0,1457.0
2021-05-25,2867187.0,2244084.0,1006.0,2730.0
2021-05-26,2868450.0,2247605.0,1263.0,3521.0
2021-05-27,2869652.0,2251242.0,1202.0,3637.0
2021-05-28,2870595.0,2254674.0,943.0,3432.0
2021-05-29,2871371.0,2257904.0,776.0,3230.0
2021-05-30,2871950.0,2259743.0,579.0,1839.0
2021-05-31,2872283.0,2260899.0,333.0,1156.0
2021-06-01,2872868.0,2263167.0,585.0,2268.0
2021-06-02,2873527.0,2265502.0,659.0,2335.0
2021-06-03,2874092.0,2268209.0,565.0,2707.0
2021-06-04,2874411.0,2270602.0,319.0,2393.0
2021-06-05,2874824.0,2272633.0,413.0,2031.0
2021-06-06,2875136.0,2273708.0,312.0,1075.0
2021-06-07,2875328.0,2274375.0,192.0,667.0
2021-06-08,2875729.0,2276111.0,401.0,1736.0
2021-06-09,2876289.0,2277632.0,560.0,1521.0
2021-06-10,2876667.0,2279556.0,378.0,1924.0
2021-06-11,2877007.0,2281303.0,340.0,1747.0
2021-06-12,2877243.0,2282727.0,236.0,1424.0
2021-06-13,2877469.0,2283746.0,226.0,1019.0
2021-06-14,2877608.0,2284337.0,139.0,591.0
2021-06-15,2877819.0,2285534.0,211.0,1197.0
2021-06-16,2878061.0,2286767.0,242.0,1233.0
2021-06-17,2878276.0,2288155.0,215.0,1388.0
2021-06-18,2878466.0,2289333.0,190.0,1178.0
2021-06-19,2878634.0,2290412.0,168.0,1079.0
2021-06-20,2878767.0,2291135.0,133.0,723.0
2021-06-21,2878840.0,2291722.0,73.0,587.0
2021-06-22,2879030.0,2292295.0,190.0,573.0
2021-06-23,2879192.0,2293421.0,162.0,1126.0
2021-06-24,2879336.0,2294669.0,144.0,1248.0
2021-06-25,2879470.0,2295873.0,134.0,1204.0
2021-06-26,2879569.0,2296982.0,99.0,1109.0
2021-06-27,2879638.0,2297801.0,69.0,819.0
2021-06-28,2879689.0,2298478.0,51.0,677.0
2021-06-29,2879811.0,2299059.0,122.0,581.0
2021-06-30,2879912.0,2300101.0,101.0,1042.0
2021-07-01,2880010.0,2301221.0,98.0,1120.0
2021-07-02,2880107.0,2302344.0,97.0,1123.0
2021-07-03,2880215.0,2303485.0,108.0,1141.0
2021-07-04,2880270.0,2304311.0,55.0,826.0
2021-07-05,2880308.0,2305013.0,38.0,702.0
2021-07-06,2880403.0,2306006.0,95.0,993.0
2021-07-07,2880503.0,2307068.0,100.0,1062.0
2021-07-08,2880596.0,2308142.0,93.0,1074.0
2021-07-09,2880670.0,2309264.0,74.0,1122.0
2021-07-10,2880755.0,2310246.0,85.0,982.0
2021-07-11,2880821.0,2311025.0,66.0,779.0
2021-07-12,2880865.0,2311690.0,44.0,665.0
2021-07-13,2880959.0,2312662.0,94.0,972.0
2021-07-14,2881046.0,2313705.0,87.0,1043.0
2021-07-15,2881151.0,2314828.0,105.0,1123.0
2021-07-16,2881241.0,2316081.0,90.0,1253.0
2021-07-17,2881355.0,2317198.0,114.0,1117.0
2021-07-18,2881424.0,2318035.0,69.0,837.0
2021-07-19,2881491.0,2318752.0,67.0,717.0
2021-07-20,2881594.0,2319886.0,103.0,1134.0
2021-07-21,2881718.0,2321081.0,124.0,1195.0
2021-07-22,2881840.0,2322340.0,122.0,1259.0
2021-07-23,2881948.0,2323638.0,108.0,1298.0
2021-07-24,2882066.0,2324935.0,118.0,1297.0
2021-07-25,2882146.0,2325776.0,80.0,841.0
2021-07-26,2882220.0,2326550.0,74.0,774.0
2021-07-27,2882327.0,2327777.0,107.0,1227.0
2021-07-28,2882465.0,2329044.0,138.0,1267.0
2021-07-29,2882630.0,2330440.0,165.0,1396.0
2021-07-30,2882786.0,2331950.0,156.0,1510.0
2021-07-31,2882939.0,2333409.0,153.0,1459.0
2021-08-01,2883029.0,2334433.0,90.0,1024.0
2021-08-02,2883120.0,2335237.0,91.0,804.0
2021-08-03,2883284.0,2336603.0,164.0,1366.0
2021-08-04,2883448.0,2338123.0,164.0,1520.0
2021-08-05,2883624.0,2339731.0,176.0,1608.0
2021-08-06,2883796.0,2341399.0,172.0,1668.0
2021-08-07,2883976.0,2343046.0,180.0,1647.0
2021-08-08,2884098.0,2344260.0,122.0,1214.0
2021-08-09,2884162.0,2345166.0,64.0,906.0
2021-08-10,2884361.0,2346560.0,199.0,1394.0
2021-08-11,2884557.0,2348295.0,196.0,1735.0
2021-08-12,2884780.0,2350163.0,223.0,1868.0
2021-08-13,2884974.0,2352042.0,194.0,1879.0
2021-08-14,2885185.0,2354008.0,211.0,1966.0
2021-08-15,2885333.0,2355317.0,148.0,1309.0
2021-08-16,2885461.0,2356345.0,128.0,1028.0
2021-08-17,2885676.0,2357844.0,215.0,1499.0
2021-08-18,2885883.0,2359893.0,207.0,2049.0
2021-08-19,2886079.0,2362052.0,196.0,2159.0
2021-08-20,2886291.0,2364242.0,212.0,2190.0
2021-08-21,2886513.0,2366560.0,222.0,2318.0
2021-08-22,2886698.0,2368150.0,185.0,1590.0
2021-08-23,2886805.0,2369339.0,107.0,1189.0
2021-08-24,2887037.0,2370604.0,232.0,1265.0
2021-08-25,2887270.0,2371895.0,233.0,1291.0
2021-08-26,2887485.0,2374012.0,215.0,2117.0
2021-08-27,2887739.0,2376571.0,254.0,2559.0
2021-08-28,2888028.0,2379159.0,289.0,2588.0
2021-08-29,2888231.0,2381553.0,203.0,2394.0
2021-08-30,2888385.0,2382769.0,154.0,1216.0
2021-08-31,2888670.0,2384564.0,285.0,1795.0
2021-09-01,2889036.0,2387052.0,366.0,2488.0
2021-09-02,2889412.0,2389923.0,376.0,2871.0
2021-09-03,2889773.0,2393002.0,361.0,3079.0
2021-09-04,2890161.0,2395616.0,388.0,2614.0
2021-09-05,2890484.0,2397758.0,323.0,2142.0
2021-09-06,2890666.0,2398900.0,182.0,1142.0
2021-09-07,2891071.0,2401462.0,405.0,2562.0
2021-09-08,2891602.0,2404585.0,531.0,3123.0
2021-09-09,2892113.0,2408595.0,511.0,4010.0
2021-09-10,2892642.0,2412543.0,529.0,3948.0
2021-09-11,2893173.0,2416739.0,531.0,4196.0
2021-09-12,2893649.0,2419254.0,476.0,2515.0
2021-09-13,2893919.0,2420776.0,270.0,1522.0
2021-09-14,2894455.0,2424416.0,536.0,3640.0
2021-09-15,2895223.0,2429354.0,768.0,4938.0
2021-09-16,2895947.0,2435404.0,724.0,6050.0
2021-09-17,2896599.0,2442344.0,652.0,6940.0
2021-09-18,2897395.0,2448908.0,796.0,6564.0
2021-09-19,2897935.0,2453240.0,540.0,4332.0
2021-09-20,2898299.0,2455873.0,364.0,2633.0
2021-09-21,2899008.0,2461415.0,709.0,5542.0
2021-09-22,2899888.0,2468567.0,880.0,7152.0
2021-09-23,2900862.0,2476848.0,974.0,8281.0
2021-09-24,2901674.0,2486343.0,812.0,9495.0
2021-09-25,2902591.0,2495068.0,917.0,8725.0
2021-09-26,2903234.0,2500198.0,643.0,5130.0
2021-09-27,2903655.0,2503710.0,421.0,3512.0
2021-09-28,2904631.0,2510781.0,976.0,7071.0
2021-09-29,2905866.0,2520986.0,1235.0,10205.0
2021-09-30,2907071.0,2533301.0,1205.0,12315.0
2021-10-01,2908432.0,2545904.0,1361.0,12603.0
2021-10-02,2909776.0,2558300.0,1344.0,12396.0
2021-10-03,2910866.0,2566875.0,1090.0,8575.0
2021-10-04,2911549.0,2572327.0,683.0,5452.0
2021-10-05,2912876.0,2582818.0,1327.0,10491.0
2021-10-06,2914962.0,2596134.0,2086.0,13316.0
2021-10-07,2916969.0,2611928.0,2007.0,15794.0
2021-10-08,2918863.0,2628975.0,1894.0,17047.0
2021-10-09,2920874.0,2645597.0,2011.0,16622.0
2021-10-10,2922401.0,2657699.0,1527.0,12102.0
2021-10-11,2923304.0,2667304.0,903.0,9605.0
2021-10-12,2925425.0,2680076.0,2121.0,12772.0
2021-10-13,2928065.0,2697176.0,2640.0,17100.0
2021-10-14,2931064.0,2716867.0,2999.0,19691.0
2021-10-15,2933834.0,2731325.0,2770.0,14458.0
2021-10-16,2937069.0,2745165.0,3235.0,13840.0
2021-10-17,2939590.0,2757328.0,2521.0,12163.0
2021-10-18,2941126.0,2767743.0,1536.0,10415.0
2021-10-19,2945056.0,2784227.0,3930.0,16484.0
2021-10-20,2950616.0,2804050.0,5560.0,19823.0
2021-10-21,2956207.0,2827388.0,5591.0,23338.0
2021-10-22,2961923.0,2852109.0,5716.0,24721.0
2021-10-23,2968200.0,2876288.0,6277.0,24179.0
2021-10-24,2972927.0,2898049.0,4727.0,21761.0
2021-10-25,2975880.0,2913666.0,2953.0,15617.0
2021-10-26,2982143.0,2933778.0,6263.0,20112.0
2021-10-27,2990509.0,2957359.0,8366.0,23581.0
2021-10-28,2998891.0,2984456.0,8382.0,27097.0
2021-10-29,3008294.0,3012370.0,9403.0,27914.0
2021-10-30,3018100.0,3039616.0,9806.0,27246.0
2021-10-31,3025247.0,3058108.0,7147.0,18492.0
2021-11-01,3030151.0,3073125.0,4904.0,15017.0
2021-11-02,3034668.0,3093661.0,4517.0,20536.0
2021-11-03,3045102.0,3118140.0,10434.0,24479.0
2021-11-04,3060613.0,3146617.0,15511.0,28477.0
2021-11-05,3076518.0,3174223.0,15905.0,27606.0
2021-11-06,3091713.0,3200411.0,15195.0,26188.0
2021-11-07,3104220.0,3218967.0,12507.0,18556.0
2021-11-08,3111534.0,3233178.0,7314.0,14211.0
2021-11-09,3125179.0,3253327.0,13645.0,20149.0
2021-11-10,3143725.0,3277772.0,18546.0,24445.0
2021-11-11,3162804.0,3303694.0,19079.0,25922.0
2021-11-12,3175769.0,3328934.0,12965.0,25240.0
2021-11-13,3190067.0,3353694.0,14298.0,24760.0
2021-11-14,3204515.0,3369387.0,14448.0,15693.0
2021-11-15,3214023.0,3381399.0,9508.0,12012.0
2021-11-16,3230634.0,3398913.0,16611.0,17514.0
2021-11-17,3254875.0,3418792.0,24241.0,19879.0
2021-11-18,3279787.0,3440602.0,24912.0,21810.0
2021-11-19,3303046.0,3461873.0,23259.0,21271.0
2021-11-20,3326464.0,3481347.0,23418.0,19474.0
2021-11-21,3345388.0,3493203.0,18924.0,11856.0
2021-11-22,3357763.0,3501815.0,12375.0,8612.0
2021-11-23,3377698.0,3515641.0,19935.0,13826.0
2021-11-24,3406129.0,3530969.0,28431.0,15328.0
2021-11-25,3434272.0,3548842.0,28143.0,17873.0
2021-11-26,3461066.0,3565644.0,26794.0,16802.0
2021-11-27,3487254.0,3580671.0,26188.0,15027.0
2021-11-28,3507828.0,3588916.0,20574.0,8245.0
2021-11-29,3520961.0,3595410.0,13133.0,6494.0
2021-11-30,3540061.0,3606622.0,19100.0,11212.0
2021-12-01,3569137.0,3619223.0,29076.0,12601.0
2021-12-02,3596491.0,3633386.0,27354.0,14163.0
2021-12-03,3623452.0,3647777.0,26961.0,14391.0
2021-12-04,3649027.0,3661583.0,25575.0,13806.0
2021-12-05,3671421.0,3668794.0,22394.0,7211.0
2021-12-06,3684671.0,3673839.0,13250.0,5045.0
2021-12-07,3704040.0,3683044.0,19369.0,9205.0
2021-12-08,3732589.0,3692939.0,28549.0,9895.0
2021-12-09,3760048.0,3705823.0,27459.0,12884.0
2021-12-10,3785036.0,3717640.0,24988.0,11817.0
2021-12-11,3808798.0,3728246.0,23762.0,10606.0
2021-12-12,3828248.0,3733967.0,19450.0,5721.0
2021-12-13,3839625.0,3738390.0,11377.0,4423.0
2021-12-14,3857085.0,3746106.0,17460.0,7716.0
2021-12-15,3881349.0,3754567.0,24264.0,8461.0
2021-12-16,3903445.0,3764485.0,22096.0,9918.0
2021-12-17,3923472.0,3773700.0,20027.0,9215.0
2021-12-18,3942864.0,3781506.0,19392.0,7806.0
2021-12-19,3958840.0,3785395.0,15976.0,3889.0
2021-12-20,3968450.0,3788209.0,9610.0,2814.0
2021-12-21,3982257.0,3794490.0,13807.0,6281.0
2021-12-22,4000270.0,3801079.0,18013.0,6589.0
2021-12-23,4017420.0,3808612.0,17150.0,7533.0
2021-12-24,4032796.0,3815440.0,15376.0,6828.0
2021-12-25,4043585.0,3820891.0,10789.0,5451.0
2021-12-26,4049838.0,3823879.0,6253.0,2988.0
2021-12-27,4054865.0,3825917.0,5027.0,2038.0
2021-12-28,4064715.0,3828336.0,9850.0,2419.0
2021-12-29,4080282.0,3833952.0,15567.0,5616.0
2021-12-30,4094608.0,3840041.0,14326.0,6089.0
2021-12-31,4108215.0,3847226.0,13607.0,7185.0
2022-01-01,4120248.0,3852397.0,12033.0,5171.0
2022-01-02,4127428.0,3854405.0,7180.0,2008.0
2022-01-03,4133851.0,3856359.0,6423.0,1954.0
2022-01-04,4145518.0,3858248.0,11667.0,1889.0
2022-01-05,4162715.0,3862959.0,17197.0,4711.0
2022-01-06,4179292.0,3869728.0,16577.0,6769.0
2022-01-07,4191193.0,3877032.0,11901.0,7304.0
2022-01-08,4202090.0,3880371.0,10897.0,3339.0
2022-01-09,4213197.0,3883316.0,11107.0,2945.0
2022-01-10,4220984.0,3885416.0,7787.0,2100.0
2022-01-11,4232386.0,3890974.0,11402.0,5558.0
2022-01-12,4248559.0,3898240.0,16173.0,7266.0
2022-01-13,4265433.0,3908469.0,16874.0,10229.0
2022-01-14,4281482.0,3919151.0,16049.0,10682.0
2022-01-15,4298375.0,3929950.0,16893.0,10799.0
2022-01-16,4313036.0,3936582.0,14661.0,6632.0
2022-01-17,4323482.0,3941923.0,10446.0,5341.0
2022-01-18,4343130.0,3950774.0,19648.0,8851.0
2022-01-19,4373718.0,3963917.0,30588.0,13143.0
2022-01-20,4406553.0,3982738.0,32835.0,18821.0
2022-01-21,4443217.0,4003280.0,36664.0,20542.0
2022-01-22,4484095.0,4026198.0,40878.0,22918.0
2022-01-23,4518218.0,4042152.0,34123.0,15954.0
2022-01-24,4547315.0,4055643.0,29097.0,13491.0
2022-01-25,4584360.0,4075351.0,37045.0,19708.0
2022-01-26,4637776.0,4100292.0,53416.0,24941.0
2022-01-27,4695435.0,4133396.0,57659.0,33104.0
2022-01-28,4752700.0,4168560.0,57265.0,35164.0
2022-01-29,4804390.0,4206731.0,51690.0,38171.0
2022-01-30,4852677.0,4232143.0,48287.0,25412.0
2022-01-31,4886154.0,4255206.0,33477.0,23063.0
2022-02-01,4925270.0,4287117.0,39116.0,31911.0
2022-02-02,4981321.0,4323009.0,56051.0,35892.0
2022-02-03,5035796.0,4363754.0,54475.0,40745.0
2022-02-04,5083332.0,4408776.0,47536.0,45022.0
2022-02-05,5129080.0,4452612.0,45748.0,43836.0
2022-02-06,5163780.0,4481918.0,34700.0,29306.0
2022-02-07,5188184.0,4506669.0,24404.0,24751.0
2022-02-08,5223507.0,4542568.0,35323.0,35899.0
2022-02-09,5270363.0,4582137.0,46856.0,39569.0
2022-02-10,5312450.0,4625614.0,42087.0,43477.0
2022-02-11,5348224.0,4668581.0,35774.0,42967.0
2022-02-12,5379551.0,4708604.0,31327.0,40023.0
2022-02-13,5401615.0,4735258.0,22064.0,26654.0
2022-02-14,5415088.0,4753922.0,13473.0,18664.0
2022-02-15,5437343.0,4785138.0,22255.0,31216.0
2022-02-16,5466198.0,4818112.0,28855.0,32974.0
2022-02-17,5495432.0,4853339.0,29234.0,35227.0
2022-02-18,5519411.0,4890332.0,23979.0,36993.0
2022-02-19,5540302.0,4923680.0,20891.0,33348.0
2022-02-20,5553989.0,4943428.0,13687.0,19748.0
2022-02-21,5563446.0,4959461.0,9457.0,16033.0
2022-02-22,5582217.0,4986161.0,18771.0,26700.0
2022-02-23,5602680.0,5012980.0,20463.0,26819.0
2022-02-24,5620946.0,5040518.0,18266.0,27538.0
2022-02-25,5637646.0,5040518.0,16700.0,0.0
2022-02-26,5651596.0,5040518.0,13950.0,0.0
2022-02-27,5660493.0,5040518.0,8897.0,0.0
2022-02-28,5667054.0,5040518.0,6561.0,0.0
2022-03-01,5680034.0,5040518.0,12980.0,0.0
2022-03-02,5694767.0,5040518.0,14733.0,0.0
2022-03-03,5708827.0,5040518.0,14060.0,0.0
2022-03-04,5721316.0,5040518.0,12489.0,0.0
2022-03-05,5734041.0,5040518.0,12725.0,0.0
